OBS.,AGE,CHK_ACCT,SAV_ACCT,NUM_CREDITS,DURATION,HISTORY,PRESENT_RESIDENT,EMPLOYMENT,JOB,NUM_DEPENDENTS,RENT,INSTALL_RATE,GUARANTOR,OTHER_INSTALL,OWN_RES,TELEPHONE,FOREIGN,REAL_ESTATE,TYPE,AMOUNT_REQUESTED,CREDIT_EXTENDED,NPV
298,29,0,0,2,24,1,4,0,0,1,1,1,0,0,0,0,0,0,1,1193,954,-424
467,50,2,0,1,6,4,4,2,1,1,0,2,0,0,1,0,0,0,5,1047,523,73
415,23,3,0,1,21,4,4,1,2,1,0,4,0,0,1,1,0,0,3,2288,"1,830",389
476,55,3,3,2,12,3,4,4,2,2,0,4,0,0,0,0,0,0,0,1555,933,-545
615,39,0,0,2,6,4,4,4,2,1,0,1,0,0,1,1,0,0,1,860,688,111
706,31,3,0,2,36,4,2,2,2,1,0,2,0,1,1,0,0,0,4,9566,"7,652",1185
783,36,3,0,2,18,0,2,2,2,2,0,2,0,1,1,0,0,0,6,4165,"3,748",-3135
218,34,1,0,1,24,3,2,0,3,1,0,3,0,0,1,1,0,0,3,2064,"1,651",-882
630,20,3,4,1,12,2,4,1,2,1,1,1,0,0,0,0,0,0,2,4675,"2,805",673
392,28,3,3,1,11,2,2,4,2,1,0,1,0,0,1,1,0,1,6,2142,"1,499",344
835,34,3,1,2,6,3,2,2,1,1,0,1,0,0,1,0,0,1,6,1743,"1,045",135
472,27,1,0,1,60,2,2,3,3,1,0,4,0,0,1,1,0,0,1,14027,"7,013",-2463
168,31,3,1,2,36,2,2,3,2,1,0,2,0,0,1,1,0,0,6,5742,"5,742",1198
22,33,3,4,2,9,4,2,2,2,2,0,1,0,0,1,0,0,1,4,3074,"2,151",262
431,44,3,2,1,48,4,2,2,2,1,0,2,0,1,0,0,0,0,1,10127,"6,076",-2454
904,24,1,0,1,9,2,3,2,2,1,0,4,0,0,1,0,0,1,4,458,412,127
571,35,3,2,1,15,2,4,4,2,1,0,1,0,0,0,0,0,0,1,5324,"3,194",629
90,43,0,0,4,27,4,4,4,3,2,0,4,0,1,1,1,0,0,6,2442,"1,709",-10
268,42,3,0,1,60,2,4,4,3,1,0,2,0,0,1,1,0,0,1,10366,"7,256",1522
947,35,3,0,2,24,3,3,3,1,1,0,3,0,0,1,1,0,0,2,4679,"3,275",604
916,34,3,4,2,6,4,2,2,1,2,0,1,0,0,1,0,0,1,4,1898,"1,328",218
808,39,3,4,1,54,0,2,2,1,2,0,2,0,0,1,0,0,0,2,9436,"7,548",1677
287,35,0,0,1,24,2,4,1,2,1,0,4,0,0,1,1,0,1,4,2439,"2,195",-1208
207,61,1,0,1,36,0,4,4,3,1,0,4,0,0,0,1,0,0,6,1953,"1,562",-976
134,30,3,1,2,18,4,2,2,2,1,0,4,0,0,1,0,0,1,5,1864,"1,491",-1183
400,30,0,0,1,36,2,3,0,3,1,0,4,0,0,1,1,0,0,3,3959,"3,167",916
150,42,1,0,2,27,0,4,4,3,1,0,2,0,0,0,1,0,0,6,8318,"7,486",-5624
187,28,3,0,1,18,3,2,2,2,1,0,4,0,0,1,1,0,0,6,2169,"1,952",-1355
533,39,0,0,2,8,4,4,3,1,1,0,1,0,0,1,0,1,1,1,3398,"3,398",819
900,23,0,0,1,45,2,4,2,2,1,0,4,0,0,0,1,0,0,4,1845,"1,476",-884
907,25,3,4,1,36,2,4,2,2,1,0,4,0,0,1,0,0,0,4,2394,"1,436",283
870,24,3,0,2,18,4,2,2,2,1,0,4,0,0,1,0,0,0,4,1800,"1,440",233
282,24,0,0,2,36,4,4,3,2,1,0,4,0,0,1,1,0,0,2,9629,"5,777",-1853
215,27,0,0,1,27,2,2,2,3,1,0,3,0,0,1,0,0,0,4,3416,"3,074",922
898,47,3,0,2,24,3,4,4,1,2,0,4,0,0,1,0,0,0,1,2538,"2,284",-904
612,30,0,4,1,42,2,3,3,3,1,0,4,0,0,1,1,0,0,4,7174,"5,739",-3167
678,37,3,0,2,36,4,4,3,2,1,0,4,0,0,1,1,0,0,1,3535,"3,181",710
248,28,0,0,1,9,2,3,2,1,1,0,4,0,0,1,0,0,0,1,654,457,-188
171,46,0,0,2,48,4,4,4,2,1,0,4,0,0,0,1,0,0,2,6331,"5,697",-2024
456,67,1,0,2,9,2,4,3,3,1,0,4,0,0,1,1,0,0,5,1199,"1,079",215
636,49,3,4,1,12,4,4,4,2,1,0,1,0,0,1,1,0,1,4,2331,"1,165",228
891,46,3,0,2,15,3,2,1,1,1,0,1,0,0,1,0,0,0,2,3594,"3,594",824
462,22,3,0,1,18,3,1,3,2,1,0,4,0,0,1,0,0,1,3,1808,"1,265",-751
292,25,1,4,1,30,2,4,4,2,1,0,2,0,0,1,0,0,0,4,2991,"2,691",802
249,57,0,3,2,30,2,4,4,2,1,1,4,0,0,0,1,0,0,3,3622,"2,173",302
515,30,1,1,1,48,1,2,3,2,1,0,4,0,0,1,0,0,0,6,3566,"2,139",481
877,28,1,0,3,12,4,4,4,2,1,1,1,0,0,0,1,0,0,3,3617,"3,255",535
693,21,0,0,1,18,4,4,1,2,1,1,4,0,0,0,0,0,0,3,1049,944,286
88,40,3,2,2,36,3,4,3,2,1,0,2,0,0,1,1,0,0,3,7678,"4,606",682
553,30,1,0,2,26,2,3,1,2,1,0,2,0,0,1,0,0,0,2,7966,"4,779",456
181,48,1,0,2,18,4,4,4,1,1,1,3,1,1,0,1,0,1,4,1795,"1,615",282
278,36,3,0,1,21,4,4,4,3,1,0,1,0,0,1,1,0,0,2,3275,"3,275",880
776,39,2,4,2,15,4,4,2,2,1,0,3,0,0,0,1,0,0,4,1271,762,-256
429,37,1,1,1,24,4,2,1,2,1,0,4,0,0,1,1,0,0,1,3878,"2,326",563
41,39,3,0,1,18,2,4,1,2,1,0,3,0,0,1,1,0,1,4,1473,"1,473",430
543,21,1,0,1,18,2,3,2,2,1,1,1,0,0,0,1,0,0,2,2779,"1,667",394
290,38,0,0,2,12,4,4,2,1,1,0,4,0,1,1,0,1,0,1,2171,"1,519",261
288,26,0,1,2,24,4,1,3,2,1,0,4,0,0,1,1,0,1,6,1382,967,141
908,22,1,0,1,30,2,1,1,2,1,0,2,0,0,1,0,0,0,3,3832,"3,448",857
405,58,0,0,2,48,4,4,4,1,1,0,4,0,1,0,0,0,0,2,6143,"3,685",-1770
840,46,1,0,2,12,2,1,4,2,1,1,1,0,0,0,0,0,1,1,1223,856,-335
186,43,3,4,2,24,4,4,3,2,1,0,3,0,0,1,1,0,0,2,4042,"2,425",301
856,27,0,0,1,24,1,4,3,2,1,0,3,0,1,1,0,0,0,3,3552,"1,776",-894
586,33,3,1,1,24,2,3,1,2,1,0,4,0,0,1,1,0,1,1,1474,737,154
174,21,0,0,1,24,2,4,2,1,2,1,2,0,0,0,0,0,1,4,1987,"1,192",-693
378,52,3,1,2,24,4,4,4,2,1,0,4,0,1,1,0,0,0,4,2223,"1,333",188
488,29,0,0,1,12,2,2,2,1,2,0,2,0,0,1,0,0,0,3,3590,"3,231",881
827,45,0,0,1,14,2,4,4,3,1,0,1,0,0,1,1,1,0,1,8978,"7,182",-3830
752,23,3,0,2,36,4,4,1,2,1,1,2,0,0,0,1,0,0,3,7127,"4,988",-1596
626,35,3,0,2,24,4,2,2,1,1,0,4,0,0,1,0,0,1,4,2684,"1,342",106
343,34,3,1,2,21,3,3,3,3,1,0,4,0,0,1,0,0,1,3,1591,"1,431",249
389,65,3,0,2,18,4,4,0,0,1,0,4,0,0,1,0,0,0,4,1098,658,90
32,40,1,4,1,48,2,4,0,0,1,0,3,0,1,0,1,0,0,0,5381,"5,381",1768
707,22,1,3,1,12,2,1,2,2,1,0,4,0,0,1,0,0,1,1,1007,805,174
885,59,0,0,1,9,2,4,3,2,1,0,3,0,0,1,0,0,1,4,1364,"1,091",276
233,34,0,0,1,24,2,1,3,3,1,0,2,0,0,0,1,0,0,2,2910,"1,455",306
512,47,3,4,1,48,4,1,4,2,1,0,4,0,0,1,1,0,1,4,3578,"2,862",720
464,25,1,0,1,24,2,4,1,1,1,0,3,0,0,1,1,0,0,1,1355,948,-325
830,43,3,0,1,18,2,4,2,2,1,0,3,0,0,1,1,0,1,3,2515,"1,257",235
55,23,1,0,1,12,2,1,1,2,1,1,1,0,0,0,0,0,1,4,1534,920,-415
72,32,3,2,2,18,4,3,4,3,1,0,4,0,1,1,1,0,0,4,629,440,56
796,37,1,0,3,9,4,4,4,1,1,0,2,0,0,1,0,0,1,4,1154,692,41
272,46,3,4,1,21,2,4,4,3,1,0,4,0,0,1,1,0,1,2,2476,"1,733",453
690,28,0,0,1,21,2,4,1,3,1,1,4,0,0,0,1,0,0,4,2606,"2,084",507
18,33,0,0,2,15,0,3,4,2,2,1,4,0,0,0,0,0,0,1,950,570,-188
552,37,0,0,2,6,4,3,3,2,1,0,4,0,0,1,0,1,0,1,609,609,119
349,30,3,3,2,15,3,2,3,2,1,0,3,0,0,1,0,0,0,3,960,960,195
964,26,0,0,2,42,3,2,3,2,2,0,3,0,1,1,1,0,0,4,4370,"3,933",-1461
266,45,0,0,1,24,2,1,4,2,1,0,4,0,0,1,0,0,1,1,2303,"2,072",-968
621,43,3,0,3,12,4,4,4,2,1,0,4,0,0,1,1,0,1,3,1935,"1,548",124
576,32,0,4,1,24,2,4,3,2,1,1,4,0,0,0,0,0,0,1,1285,"1,156",-424
734,24,0,4,1,15,2,2,2,2,1,1,4,0,0,0,0,0,0,0,1275,637,-222
760,36,1,0,3,24,0,4,2,1,1,0,1,0,0,1,1,0,1,6,4241,"3,816",-2676
377,30,3,4,1,21,4,4,4,3,1,0,4,0,0,0,1,0,0,1,12680,"6,340",-2703
121,27,0,0,1,12,2,3,2,1,1,0,4,0,0,1,0,0,1,1,1168,934,251
824,35,3,0,2,12,4,2,2,2,1,0,4,0,0,1,0,0,0,4,1291,903,173
790,35,3,3,1,12,4,2,3,2,1,0,3,0,0,1,0,1,0,3,1592,955,167
172,35,0,0,1,6,1,4,4,2,1,0,4,0,0,0,0,0,0,5,1198,838,-590
6,29,1,4,1,24,3,2,1,1,1,0,4,0,1,1,0,0,0,3,2333,"1,866",480
196,24,0,0,2,36,3,1,3,2,1,0,2,0,0,1,1,0,0,6,2145,"1,072",-673
932,27,0,0,2,15,3,4,4,1,1,0,1,0,0,1,0,0,0,3,3643,"3,643",855
43,20,3,3,1,15,2,3,3,2,1,1,2,0,0,0,0,0,0,1,3186,"3,186",862
845,55,2,4,1,12,2,4,4,3,1,0,3,0,0,1,1,0,1,3,1424,854,199
364,19,3,0,2,9,2,2,1,2,1,1,2,0,0,0,0,0,0,3,1980,"1,188",-398
759,21,0,0,1,12,2,1,2,1,1,0,4,1,0,1,0,0,0,3,1289,773,133
124,51,3,2,1,9,2,4,4,1,1,0,2,0,0,0,0,0,0,1,2507,"1,504",262
274,44,1,0,1,8,2,2,3,1,1,0,4,1,0,1,0,0,1,4,760,608,135
225,24,0,0,2,48,0,4,4,2,2,0,3,0,0,0,0,0,0,2,4605,"3,684",-1645
529,35,0,0,1,47,2,1,1,1,1,0,1,0,0,1,1,0,1,1,10722,"9,649",2569
801,61,3,3,1,12,2,4,3,1,1,0,2,0,0,1,0,0,1,4,3059,"2,447",540
300,23,0,4,2,18,2,4,3,1,1,1,2,0,0,0,0,0,0,4,1936,"1,936",504
943,55,0,0,3,18,4,4,0,0,2,0,2,0,0,0,0,0,0,0,1190,833,-394
48,22,1,1,1,24,2,2,1,2,1,1,3,0,0,0,1,0,0,4,3092,"1,546",-790
162,48,2,1,1,10,2,4,4,1,2,0,1,0,0,0,0,0,0,1,1240,744,-409
925,22,3,0,1,18,2,4,0,2,1,1,3,0,0,0,0,0,1,4,433,346,-116
570,50,3,2,1,6,2,4,2,2,1,1,2,0,0,0,0,0,0,2,1236,988,243
625,52,3,0,3,12,4,4,4,2,1,0,4,0,0,1,0,0,1,4,717,573,79
264,23,1,4,1,15,2,1,1,2,1,0,4,0,0,1,0,0,0,4,1444,"1,010",194
9,44,3,4,2,24,2,1,1,2,1,0,1,0,0,1,1,0,0,4,5943,"5,943",-1826
457,37,1,4,2,24,3,2,2,3,1,0,4,0,1,1,1,0,0,6,4712,"3,298",437
854,42,0,0,1,48,2,4,4,3,1,0,4,0,1,0,0,0,0,1,7763,"5,434",-2226
334,24,3,1,2,48,4,4,2,1,1,1,2,0,1,0,0,0,0,2,11590,"11,590",-4476
899,29,0,0,1,24,2,2,0,3,1,0,4,0,0,0,1,0,0,2,6579,"3,947",794
952,36,3,4,2,6,4,4,4,2,1,0,4,0,0,0,0,0,0,4,700,350,29
372,25,0,0,2,9,4,4,2,1,1,0,4,0,0,1,0,0,1,4,1138,682,103
829,49,1,0,2,12,2,4,2,2,1,0,4,1,0,1,1,0,1,4,1092,764,94
540,32,1,1,1,39,3,3,3,2,1,1,2,0,0,0,1,0,0,5,11760,"7,056",1248
566,22,0,0,1,14,2,4,0,2,1,0,1,0,0,0,0,0,0,1,3973,"2,781",536
728,49,0,4,1,12,2,4,4,1,1,0,2,0,0,1,1,0,0,3,1262,"1,262",436
409,52,0,0,1,10,2,4,4,1,1,0,3,0,0,1,0,0,1,4,2315,"2,083",648
980,35,1,4,1,9,2,2,1,0,1,0,4,0,0,1,0,0,1,1,1549,929,192
227,36,0,0,3,18,4,4,4,3,1,0,2,0,0,0,1,0,0,1,5302,"4,771",564
969,31,0,3,1,12,2,3,2,2,2,0,1,0,0,1,0,0,0,1,3651,"3,285",882
365,33,3,0,2,24,4,2,3,2,1,0,4,1,0,1,1,0,0,4,1851,"1,665",365
159,49,1,0,2,12,4,3,1,1,2,0,1,0,1,1,0,0,1,1,3124,"3,124",616
242,42,3,0,2,12,4,2,0,3,1,0,4,0,1,1,1,0,0,6,2292,"2,292",-1437
855,24,0,0,1,12,1,4,2,1,1,0,4,0,1,1,0,0,1,4,626,563,-231
479,60,1,4,1,20,2,4,0,3,1,0,1,0,0,1,1,0,1,2,6468,"6,468",2006
116,38,3,0,1,10,2,4,2,2,1,0,1,0,0,1,1,1,0,4,1924,"1,539",381
418,26,0,0,2,21,3,1,1,2,1,0,2,0,0,1,0,0,0,5,3414,"2,048",-1278
338,63,3,4,1,60,4,4,4,3,1,0,2,0,1,0,1,0,0,1,13756,"8,253",1802
520,34,1,0,2,9,4,3,4,3,1,0,2,0,0,1,1,0,0,5,1501,"1,200",-764
593,46,0,0,2,12,1,2,1,2,1,0,4,0,1,1,1,0,0,1,697,348,-173
149,26,1,0,1,24,2,1,1,2,1,0,4,0,0,1,0,0,0,1,1201,720,165
112,23,2,0,1,15,2,4,1,2,1,1,4,0,0,0,1,0,0,5,392,352,91
881,55,1,0,1,42,1,2,0,3,1,0,1,0,1,0,1,0,0,2,9283,"8,354",2423
764,21,3,0,2,60,3,4,3,2,1,0,2,0,0,1,1,0,0,4,15653,"7,826",937
591,20,0,0,1,12,2,2,2,3,2,1,2,0,0,0,1,0,1,4,1107,885,208
214,27,3,0,2,15,2,3,1,1,1,0,2,0,1,1,0,0,0,3,2708,"1,354",151
811,30,0,4,1,24,2,2,1,2,1,0,1,0,0,1,1,1,0,3,7721,"4,632",993
712,27,0,4,2,10,4,3,1,2,1,1,2,0,0,0,0,1,1,3,2132,"1,492",229
75,32,0,1,1,24,1,3,3,2,1,0,2,0,1,1,0,0,0,1,2325,"1,627",356
173,24,1,3,1,6,1,2,1,2,2,1,4,0,1,0,0,0,0,5,433,389,-328
223,30,3,0,2,12,2,2,2,2,1,0,4,0,1,1,0,0,1,4,707,565,90
346,35,3,0,1,24,2,4,4,3,1,0,4,0,0,1,1,0,0,2,2670,"1,869",424
844,65,0,0,2,42,4,4,0,0,1,0,4,0,0,1,0,0,0,0,3394,"2,036",258
350,38,1,4,1,6,2,4,4,2,1,0,4,0,0,1,0,0,0,4,368,257,63
768,24,1,1,1,72,2,2,2,2,1,0,2,0,0,1,0,0,0,4,5595,"3,916",-2321
381,35,3,4,2,12,4,4,4,2,1,0,4,0,0,1,0,0,0,4,976,488,52
180,41,3,4,1,24,2,4,4,3,2,0,3,0,0,1,1,0,0,2,6313,"6,313",2196
641,43,3,4,2,24,4,4,3,2,2,0,4,0,0,1,1,0,0,2,2197,"1,098",139
758,33,3,4,2,24,4,2,2,2,1,0,3,0,0,1,1,0,0,5,1927,"1,156",193
965,40,0,0,1,12,2,4,2,1,2,1,4,0,0,0,0,0,0,5,684,615,-487
138,33,3,0,2,18,4,4,4,2,1,0,3,0,0,1,1,0,0,4,6070,"4,249",758
351,38,1,1,2,24,4,4,1,2,2,0,4,0,1,1,0,0,0,4,1216,972,-481
141,28,1,4,2,18,4,4,2,2,1,0,4,0,1,1,0,0,1,6,1887,"1,698",312
295,31,3,4,1,24,2,2,3,2,1,0,4,0,1,1,1,0,0,3,929,557,123
732,48,1,4,1,24,2,4,2,1,1,0,1,0,0,1,1,0,0,3,4351,"3,045",663
122,45,3,4,1,36,2,4,4,1,1,0,2,0,0,1,1,0,1,4,3835,"2,301",458
723,53,0,0,1,12,2,4,4,3,1,0,4,0,0,0,1,0,0,3,7865,"5,505",-2364
580,22,3,1,1,9,2,4,1,2,1,1,2,0,0,0,0,0,0,3,2301,"2,301",722
166,37,1,0,1,12,2,2,2,1,1,0,4,0,0,1,0,0,0,3,1922,"1,345",-494
903,63,0,0,2,60,3,4,4,2,1,0,3,0,0,1,1,0,0,6,6836,"3,418",-2339
654,75,0,4,1,6,2,3,0,3,1,0,4,0,0,1,1,0,0,1,1374,"1,374",440
698,64,1,0,1,6,2,3,2,2,1,0,2,1,0,1,0,0,1,4,753,376,69
939,27,3,0,2,9,2,2,3,2,1,0,3,0,0,1,0,0,0,6,1449,"1,159",200
299,28,2,1,1,21,2,1,2,3,1,0,1,0,1,1,1,0,0,1,2923,"1,753",357
961,45,3,4,1,15,2,4,4,2,2,0,4,0,1,0,0,0,0,2,1300,780,130
705,23,0,2,1,6,2,2,0,0,1,1,1,0,0,0,1,0,0,2,1352,811,141
878,38,3,3,2,36,4,2,4,3,1,0,4,0,0,1,1,0,0,2,5711,"4,568",987
778,25,0,0,1,18,2,1,3,2,1,0,4,1,0,1,0,0,1,4,3509,"2,105",502
492,31,0,0,1,24,1,2,2,2,1,1,4,0,0,0,1,0,0,6,3161,"3,161",-2801
419,36,1,0,1,18,4,4,4,2,2,0,4,0,1,1,1,0,0,1,884,442,-134
872,31,2,4,2,24,4,2,2,2,1,0,3,0,0,1,1,0,0,4,3148,"1,574",135
96,40,1,0,3,18,4,3,0,0,2,0,3,0,0,1,1,0,0,6,3590,"2,872",343
977,63,3,0,2,12,4,4,4,1,1,0,2,0,0,1,1,0,1,4,1655,"1,489",288
677,31,0,0,1,30,2,4,1,1,1,0,2,0,0,1,0,0,0,3,3108,"2,797",-1444
178,25,0,0,2,36,4,2,2,3,1,0,3,0,0,1,1,0,0,5,8065,"4,839",-3043
279,31,1,0,1,12,0,2,2,1,1,0,2,0,0,1,1,0,1,0,1410,846,161
60,58,0,0,4,12,4,3,3,1,1,0,4,0,0,1,1,0,1,4,385,308,19
578,25,0,4,1,24,2,4,2,2,1,1,4,0,0,0,0,0,1,1,1371,"1,096",-388
449,44,3,2,1,12,4,4,2,2,1,0,4,0,0,1,1,0,1,1,1163,814,193
779,38,3,4,2,48,4,3,4,2,2,0,4,0,0,1,1,0,0,2,2751,"1,925",361
327,57,3,0,3,12,4,4,4,1,1,0,2,0,1,0,0,0,0,5,2748,"1,648",115
2,25,1,0,1,12,2,1,1,2,1,1,3,0,0,0,0,0,0,1,1295,"1,165",-473
941,28,2,2,3,12,4,2,3,2,1,0,4,0,0,1,1,0,1,1,939,751,-250
513,30,0,0,2,12,4,2,2,2,1,0,4,0,0,1,0,0,0,1,2121,"1,908",349
710,34,1,1,1,18,2,4,2,2,1,0,4,0,0,1,0,0,0,6,2622,"2,359",580
526,27,1,4,1,60,3,1,2,1,1,0,1,0,0,1,0,0,1,4,7418,"5,192",1304
79,25,1,0,2,39,4,2,3,2,1,0,2,1,0,1,0,0,1,4,4933,"3,946",-2365
770,38,3,0,1,12,4,2,0,0,1,0,1,0,0,1,0,0,0,1,926,740,163
375,22,0,2,1,24,1,4,2,2,1,0,4,0,1,1,1,0,1,3,2483,"2,234",565
252,26,2,0,1,15,2,4,3,2,1,1,2,0,0,0,1,0,0,6,2687,"2,687",791
853,31,0,0,1,36,2,4,2,2,1,1,4,0,0,0,0,0,0,4,2302,"1,841",-888
331,49,0,0,2,10,4,3,3,2,1,0,4,0,0,1,1,0,0,1,1038,830,126
668,33,3,0,1,24,4,4,4,2,1,0,4,0,0,1,1,0,0,3,5150,"3,605",876
388,24,3,4,1,15,2,1,1,2,1,0,4,0,0,1,0,0,1,0,874,611,125
281,24,0,0,2,20,4,4,4,2,1,0,1,0,0,1,0,0,0,3,4272,"4,272",1000
818,31,3,0,2,12,2,2,3,3,2,1,4,0,0,0,1,0,0,4,1963,"1,177",172
944,26,2,0,1,12,1,1,1,0,1,0,4,0,0,1,0,0,1,6,609,548,-349
954,45,2,0,1,18,2,1,1,1,1,0,1,0,1,1,0,0,0,3,3049,"3,049",902
501,35,3,4,1,36,2,4,2,1,2,0,2,0,0,0,1,0,0,5,9055,"5,433",1032
355,34,2,0,1,18,2,1,2,1,2,0,2,0,0,1,0,0,1,3,2864,"1,718",-559
95,45,3,4,1,12,2,3,1,3,2,0,2,0,0,1,1,0,0,1,3527,"2,468",522
57,49,0,4,1,24,2,4,4,2,2,0,4,0,1,0,1,0,0,2,2964,"2,964",1012
412,35,0,2,1,12,2,1,4,2,1,0,3,0,0,1,0,0,1,4,1680,"1,344",349
606,52,1,4,1,12,2,1,0,3,1,0,2,0,0,1,1,0,0,4,6468,"4,527",-2129
685,68,3,4,2,18,2,4,2,2,1,1,2,0,0,0,0,0,0,1,6761,"4,056",-1421
565,27,3,4,2,36,3,4,1,2,1,1,4,0,0,0,1,0,0,6,7980,"5,586",-3503
894,42,1,0,1,60,2,4,2,2,1,0,4,0,0,0,0,0,0,5,6288,"5,659",-3994
144,29,1,0,2,24,2,3,2,3,1,0,2,0,1,1,1,0,0,0,11328,"7,929",-4440
230,44,0,0,2,24,4,4,4,3,2,0,2,0,0,0,1,0,0,2,6419,"4,493",763
850,32,1,0,1,18,2,2,4,1,1,0,4,1,0,1,0,0,1,4,1301,650,121
687,27,0,0,1,18,2,1,1,2,1,0,4,0,1,1,0,0,0,4,2389,"2,150",676
756,29,3,4,2,21,0,4,2,2,1,0,1,0,1,1,1,0,0,1,5003,"3,502",-1636
651,36,2,2,1,15,4,2,2,2,1,0,2,0,0,1,1,0,0,2,2360,"1,652",329
864,34,3,0,1,12,2,3,1,2,2,0,4,0,0,1,0,0,0,4,1493,"1,045",266
201,49,3,0,1,12,4,3,3,1,2,0,2,0,0,1,0,0,1,5,2096,"1,467",383
452,54,3,4,1,24,2,1,1,2,1,0,4,0,0,1,0,0,0,1,2255,"1,804",423
970,40,2,0,1,15,2,4,4,3,1,1,4,0,0,0,1,0,0,5,1905,"1,143",208
328,28,1,0,2,48,2,4,3,2,1,0,4,0,0,1,0,0,1,4,3060,"1,836",-836
3,48,3,0,3,9,4,4,2,2,1,0,4,0,0,1,1,0,0,1,2134,"1,920",268
312,25,3,0,2,36,4,2,2,2,1,0,4,0,1,1,1,0,1,1,7855,"4,713",-1659
502,32,0,1,1,24,2,2,2,1,1,0,4,0,0,1,0,0,0,4,1282,769,-352
661,74,3,0,1,24,4,2,2,3,1,0,3,0,0,1,1,0,1,6,4526,"2,263",336
270,29,1,1,1,24,2,1,1,2,1,0,2,0,0,1,0,0,0,4,2896,"2,027",390
620,28,3,0,2,6,4,1,2,2,1,0,1,0,0,1,1,0,0,4,1382,"1,243",237
558,24,3,0,2,15,4,3,3,2,1,0,2,0,1,1,0,0,0,3,2788,"2,230",401
220,36,1,0,1,27,2,2,2,2,2,0,4,0,0,1,1,0,0,6,3915,"1,957",-1448
709,47,1,1,1,36,2,4,2,2,2,0,1,0,0,0,1,0,0,5,12612,"6,306",-4459
205,44,1,0,1,18,3,4,2,1,2,0,2,0,0,1,1,0,1,0,6204,"4,963",1229
253,53,0,0,2,48,0,4,2,2,2,0,3,0,0,0,0,0,0,3,7119,"5,695",-2010
259,26,3,0,1,9,2,2,2,2,1,1,4,0,0,0,0,0,1,3,1388,"1,249",366
147,36,0,0,1,15,2,3,1,2,1,0,2,0,0,1,0,0,1,1,1721,860,163
177,24,0,0,2,18,4,4,2,2,1,1,4,0,0,0,0,0,1,3,2124,"1,486",-587
473,21,3,0,1,27,2,3,2,2,1,1,3,0,0,0,0,0,1,1,2570,"1,799",-1039
857,41,1,4,2,48,2,1,3,2,2,0,4,0,0,1,1,0,0,4,3979,"2,785",481
930,32,1,3,2,21,4,2,3,2,1,0,3,0,0,1,1,0,0,3,2745,"1,647",171
542,35,3,0,2,36,4,2,4,2,2,0,2,0,0,1,1,0,0,2,5842,"4,089",666
157,24,0,0,1,24,1,4,3,1,1,1,4,1,1,0,0,0,0,4,1546,"1,546",-813
729,31,1,1,1,48,3,4,0,3,1,0,2,0,0,0,1,0,0,0,7582,"6,065",1366
109,47,3,2,1,15,2,3,4,2,1,0,4,0,1,1,1,0,0,4,1213,"1,091",261
984,46,3,0,2,24,4,3,4,2,1,0,4,0,0,1,0,0,1,4,2611,"2,349",482
978,67,1,0,1,18,2,4,0,2,1,0,2,0,0,1,1,0,0,0,3872,"3,872",1149
945,61,1,3,2,15,3,3,2,2,1,0,3,0,1,1,0,0,0,0,1512,907,-338
683,33,0,0,3,18,4,4,4,2,1,1,1,0,1,0,1,0,1,1,3966,"3,569",-1955
490,29,3,4,2,18,4,3,2,2,1,0,4,0,0,1,1,0,0,4,1169,701,70
91,43,0,0,1,16,4,4,4,2,1,1,2,1,1,0,1,0,0,1,2625,"2,625",-1254
635,23,1,0,2,13,4,4,1,2,1,0,4,1,0,1,0,0,1,4,882,441,60
996,30,1,1,1,24,2,4,4,2,1,0,4,0,0,0,0,0,0,3,3069,"1,841",322
16,42,3,1,1,6,2,4,4,2,2,0,2,0,1,0,1,0,0,4,1346,"1,076",295
582,54,1,0,1,36,3,2,2,2,1,1,2,0,0,0,0,0,0,1,7432,"4,459",801
398,36,0,0,1,60,2,4,4,2,1,1,4,0,0,0,0,0,0,6,7297,"3,648",-2507
61,45,1,0,1,7,2,1,1,2,1,0,1,1,0,1,0,0,1,4,2329,"1,397",277
914,44,2,0,1,12,2,2,2,1,1,1,2,0,0,0,1,0,0,4,1881,"1,128",264
666,41,1,0,1,12,2,4,4,1,2,0,4,0,1,1,0,0,0,1,888,799,-311
411,26,3,4,1,12,2,4,1,2,1,1,2,0,0,0,1,0,0,2,2445,"2,445",654
813,34,1,0,2,12,4,2,0,3,1,0,4,0,0,1,1,0,0,2,1860,"1,302",211
439,26,3,1,2,30,3,2,2,1,1,0,2,0,0,1,0,0,0,6,4272,"2,563",249
362,22,0,0,1,24,1,4,2,2,1,1,1,1,1,0,0,1,0,2,3632,"2,179",392
341,27,3,0,2,14,3,2,2,1,1,0,4,0,0,1,0,0,0,1,802,802,165
498,33,3,0,1,30,4,2,2,2,1,0,4,0,0,1,1,0,0,4,2831,"2,264",535
819,20,0,1,1,12,2,1,3,2,1,0,4,0,0,1,0,0,0,4,674,606,-211
5,30,3,2,1,30,2,2,4,3,1,0,4,0,1,1,0,0,0,4,2333,"1,166",235
100,37,3,4,2,12,4,1,1,1,2,0,2,0,0,1,0,0,0,5,3565,"2,852",553
286,35,3,0,2,15,4,4,2,2,1,0,4,0,0,0,1,0,0,4,1471,882,85
762,37,0,0,3,6,4,3,2,2,2,1,1,0,0,0,0,0,1,1,3676,"2,940",308
40,30,3,0,1,18,2,2,2,3,1,0,2,0,0,1,1,0,0,1,1820,"1,820",542
52,26,0,0,1,12,2,2,3,2,1,0,4,0,0,1,0,0,1,1,759,531,-305
632,38,0,0,1,12,2,3,2,1,2,0,2,1,0,1,0,0,0,3,708,708,242
64,28,0,0,1,24,2,4,2,2,1,0,2,0,0,1,0,0,0,4,3660,"2,928",805
799,64,3,1,1,13,2,4,0,2,1,0,2,0,0,1,0,0,1,4,1409,845,197
238,23,3,0,2,10,4,3,1,2,1,1,1,0,0,0,0,0,1,3,2146,"1,716",320
968,26,3,0,1,18,2,1,1,2,1,0,3,0,0,1,0,0,1,4,1453,"1,162",293
245,29,1,0,2,20,3,3,2,2,1,0,2,0,1,1,1,0,0,0,2629,"1,577",258
478,66,2,2,3,12,4,4,0,0,1,0,2,0,1,0,0,0,0,1,1480,"1,036",62
67,23,2,0,1,12,2,4,2,2,1,1,3,0,0,0,0,0,1,4,1297,648,137
348,36,3,4,1,6,2,4,0,3,2,0,4,0,0,1,1,0,0,0,1238,742,137
714,66,1,2,1,12,2,3,2,1,1,0,4,0,0,1,0,0,1,4,766,689,-368
598,57,2,2,1,24,2,3,2,1,1,0,3,0,0,1,0,0,0,4,1258,"1,006",250
859,47,0,0,1,18,2,3,2,1,1,0,4,0,0,1,1,0,1,0,1217,973,-395
816,38,1,1,2,24,2,3,3,2,1,0,2,0,1,1,1,0,0,1,3512,"3,160",561
335,33,1,0,1,18,2,1,4,3,1,0,1,0,1,1,1,0,1,6,4439,"3,551",950
370,44,0,4,2,6,4,3,1,1,2,0,1,0,0,1,0,0,1,1,4716,"4,244",747
616,48,0,1,2,9,4,4,4,2,2,0,3,1,0,1,0,1,1,0,1288,"1,159",252
160,42,1,4,2,24,3,4,2,2,1,1,4,0,0,0,1,0,0,1,1965,"1,572",307
822,24,0,0,1,24,2,2,2,1,1,1,2,0,0,0,0,0,1,3,3021,"2,114",402
700,40,0,0,1,30,2,4,2,3,1,0,4,0,0,1,1,0,0,2,3857,"3,471",1057
701,35,1,0,1,36,2,2,2,3,1,1,2,0,0,0,1,0,0,2,6948,"4,863",1231
145,30,0,0,1,12,2,3,2,2,1,0,2,0,0,1,0,0,0,3,1620,972,200
643,29,3,0,2,28,4,2,4,2,1,0,4,0,0,1,0,0,0,4,2743,"2,194",392
448,33,1,0,1,18,4,2,2,2,1,0,4,0,0,1,0,0,0,4,1245,996,-453
206,25,3,0,1,12,2,2,2,2,1,0,3,0,0,1,0,0,0,4,1262,"1,009",275
465,32,0,0,2,18,4,1,3,3,1,0,4,0,0,1,1,0,0,4,1880,"1,316",219
662,27,1,4,1,60,3,2,2,3,1,0,2,0,0,0,0,0,0,4,9157,"9,157",2992
406,57,1,0,2,36,3,4,4,2,1,0,4,0,1,0,1,0,0,1,2225,"1,780",-747
453,26,1,0,1,18,2,4,2,1,2,0,4,1,0,1,0,0,1,4,1113,"1,113",371
142,35,3,0,2,33,4,2,3,3,1,0,3,0,0,1,1,0,0,2,7253,"5,077",730
14,24,1,4,1,48,2,2,3,2,1,0,1,0,0,1,0,0,0,1,8487,"5,092",976
805,39,3,0,2,11,4,4,2,1,1,0,1,0,0,1,0,0,0,1,7228,"6,505",1165
574,29,1,4,1,36,1,2,1,0,1,0,3,0,1,1,0,0,0,0,3990,"3,990",1326
86,33,0,0,2,20,4,2,2,2,1,1,4,1,1,0,0,1,0,1,2235,"1,341",-603
960,32,3,0,1,24,3,2,2,2,1,0,1,0,0,0,0,0,0,6,3863,"3,476",975
568,26,3,0,1,30,4,4,3,3,1,1,4,0,0,0,1,0,0,4,4530,"2,718",593
330,56,2,0,1,42,4,4,4,2,1,0,4,0,0,0,0,0,0,2,4796,"3,357",764
686,40,3,4,1,10,2,3,3,2,1,0,4,0,0,1,1,0,0,0,894,715,162
385,50,3,0,1,24,1,4,3,2,1,0,4,0,1,1,1,0,0,6,1559,"1,091",237
638,34,3,0,2,18,3,3,0,2,1,0,2,0,0,1,0,0,1,4,2320,"2,088",348
585,35,1,4,1,21,2,3,3,2,1,0,2,0,0,1,1,0,0,3,3976,"3,976",1113
708,51,1,0,1,11,3,4,3,2,1,0,2,0,0,1,0,0,0,4,4771,"3,816",864
373,66,1,2,1,9,2,3,2,1,1,0,4,0,0,1,0,0,1,4,790,553,143
1,67,0,4,2,6,4,4,4,2,1,0,4,0,0,1,1,0,1,4,1169,"1,052",243
755,32,3,0,1,24,2,1,3,2,2,0,3,0,1,1,0,0,0,4,1552,931,158
315,22,0,0,1,18,2,2,2,2,1,0,2,0,0,1,0,0,0,3,2462,"1,231",-464
163,32,3,0,2,18,4,2,2,2,1,0,3,0,1,1,0,0,0,1,1530,"1,377",-653
363,22,0,0,1,12,2,1,1,2,1,1,4,0,0,0,0,0,0,3,1858,"1,486",409
696,49,2,4,2,30,4,4,4,1,1,0,4,0,1,1,0,0,0,4,3656,"3,290",651
950,28,2,1,2,6,4,4,4,2,2,0,2,0,0,1,1,0,0,1,1323,"1,058",166
33,28,1,0,2,30,4,2,0,3,1,0,4,0,0,1,0,0,0,1,4249,"2,549",-1157
425,35,3,2,1,12,1,3,2,1,2,0,4,0,0,1,0,0,1,0,3447,"2,412",509
695,30,0,2,1,24,1,4,1,2,2,0,4,0,0,0,1,0,0,3,3349,"2,009",-615
999,48,1,0,2,24,4,2,4,1,1,0,4,0,0,1,0,0,0,4,1743,"1,394",202
927,25,3,4,2,24,2,2,4,2,1,0,4,0,0,1,0,0,0,4,999,999,197
189,48,3,4,1,24,2,4,2,2,1,0,2,0,0,0,1,0,0,2,9277,"5,566",981
119,30,1,0,2,36,3,2,2,3,1,0,2,0,1,1,1,0,1,6,4455,"4,455",-2746
787,42,3,0,1,12,4,4,4,2,1,0,2,0,1,1,0,0,0,3,3331,"2,331",564
10,56,3,0,1,12,4,4,4,2,1,0,4,0,0,1,0,0,1,4,618,556,163
724,61,1,1,2,21,2,2,4,1,1,1,4,0,1,0,0,0,0,6,2767,"2,490",-2105
519,31,3,0,2,15,4,2,2,2,1,0,4,0,0,1,0,0,0,4,1360,"1,088",217
634,23,1,0,1,13,2,4,1,1,1,0,2,1,0,1,0,0,0,4,2101,"2,101",688
577,40,1,0,2,12,2,3,4,1,1,0,3,1,1,1,0,0,1,4,1155,"1,039",187
882,43,0,0,1,36,2,3,0,3,1,0,2,0,0,1,0,0,0,0,15857,"15,857",4387
317,70,1,0,1,10,2,4,0,3,1,0,2,0,1,0,1,0,0,1,7308,"6,577",2059
27,27,0,0,1,12,2,2,2,2,1,0,2,0,0,1,0,0,1,3,1657,"1,491",429
971,37,1,0,1,9,2,2,2,1,2,0,2,0,0,1,0,0,1,4,2118,"2,118",630
551,27,3,4,1,10,2,4,2,1,1,0,4,1,0,1,0,0,0,1,1309,785,-396
113,41,3,0,2,24,4,2,4,3,1,1,4,0,0,0,1,0,0,2,3868,"2,707",372
646,36,0,0,2,11,4,2,2,2,2,1,2,0,0,0,0,0,1,1,3905,"3,514",636
694,28,2,0,1,9,2,2,2,1,1,0,3,0,0,1,0,0,1,4,745,447,-200
851,28,3,0,1,24,2,2,2,2,1,0,4,0,0,1,0,0,0,4,1413,"1,413",426
754,37,1,0,1,18,4,4,4,2,1,0,3,0,0,1,1,0,0,3,3612,"3,250",1045
838,57,1,0,1,36,2,2,4,3,1,0,4,0,0,0,1,0,0,1,14318,"11,454",-5352
931,22,1,0,1,9,2,4,2,1,1,1,4,0,0,0,0,0,1,1,276,220,50
740,46,0,0,2,36,4,2,2,2,1,0,3,0,0,1,1,0,0,3,2348,"1,408",201
367,35,1,0,2,6,3,1,0,3,1,0,4,0,1,1,1,0,0,3,1050,735,88
386,32,0,0,2,18,1,4,3,1,2,0,4,0,0,0,0,0,0,1,1442,"1,009",-573
416,36,1,1,1,24,3,4,3,3,1,1,4,0,0,0,1,0,0,6,6967,"4,876",989
468,41,3,2,1,21,3,2,1,1,2,0,4,0,1,1,0,0,1,6,2580,"1,290",-805
444,25,0,0,1,9,2,2,2,2,1,0,3,0,0,1,0,0,1,3,2136,"1,708",481
842,31,3,2,1,21,2,2,3,3,1,0,1,0,1,1,0,0,0,1,2782,"1,669",366
314,47,3,0,2,18,2,4,2,2,1,0,4,0,1,0,0,0,0,3,1984,"1,785",405
423,30,3,0,1,15,2,2,2,2,1,0,3,0,0,1,1,0,0,2,4657,"4,191",1287
441,43,1,4,1,18,3,4,4,2,2,0,4,0,0,1,0,0,0,1,2899,"2,609",826
216,24,2,0,1,36,2,1,2,2,1,0,4,0,0,1,0,0,0,4,5848,"4,093",896
804,37,2,0,1,10,2,2,2,2,1,0,2,0,0,1,1,0,0,0,1225,612,102
785,28,3,0,1,24,2,2,1,2,1,0,4,0,0,1,0,0,1,1,1249,749,176
592,32,1,0,1,48,0,2,2,3,1,0,1,0,1,1,1,1,0,0,18424,"12,896",-6960
500,50,3,4,1,12,2,3,4,2,1,0,4,0,0,1,1,0,0,1,2390,"2,151",652
912,36,1,2,1,12,4,3,3,3,1,0,3,0,0,1,1,0,0,1,2366,"2,366",810
604,31,3,0,1,48,4,3,2,2,1,0,1,0,1,0,1,0,0,5,6110,"4,888",1392
596,57,0,3,2,24,4,4,4,3,1,1,4,0,0,0,1,0,0,4,1231,738,76
602,53,3,4,2,24,4,4,4,2,1,0,4,0,0,1,0,0,0,4,2424,"1,212",151
933,28,1,0,1,6,2,4,4,2,2,0,4,0,0,1,0,0,0,4,1068,640,152
934,31,1,0,1,10,2,2,2,1,1,0,4,0,0,1,0,0,0,3,1521,912,207
164,44,0,0,1,18,1,3,2,2,1,0,4,0,1,1,0,0,0,3,1553,931,-366
644,23,3,2,1,6,2,4,3,1,1,1,2,0,0,0,0,0,1,0,660,660,200
713,30,1,0,1,12,2,2,2,2,1,0,4,0,0,1,0,0,0,0,639,639,-330
26,39,0,3,2,6,4,4,3,1,1,0,3,0,0,1,1,0,1,1,666,466,67
887,37,3,4,2,36,2,2,4,2,1,0,3,0,0,1,0,0,0,6,7409,"4,445",671
99,49,1,0,1,30,4,2,3,2,1,0,2,0,0,1,0,0,0,3,8386,"8,386",-3751
782,24,3,0,2,6,4,2,3,2,1,1,1,0,0,0,1,0,0,4,1554,"1,554",346
814,35,1,4,3,15,4,2,3,2,1,0,4,1,1,1,1,0,1,4,2728,"2,728",362
997,40,0,0,2,11,4,2,2,1,2,0,1,0,0,1,0,0,1,1,3939,"2,363",324
97,30,3,0,2,6,4,2,4,2,1,1,2,0,0,0,0,0,1,4,1740,"1,218",168
463,65,0,0,2,18,2,4,2,2,1,0,4,0,0,0,0,0,0,4,2600,"1,560",-557
905,28,3,1,1,12,2,2,2,2,1,0,4,0,0,1,0,0,1,4,2073,"1,243",224
414,21,3,1,1,60,2,4,3,2,1,0,2,0,0,1,1,0,1,4,10144,"8,115",2159
442,35,0,4,1,24,2,2,2,2,1,0,4,0,0,1,0,0,0,1,1381,"1,242",-443
767,27,3,0,1,48,1,1,2,2,1,0,1,0,1,1,0,0,1,6,3609,"2,165",473
482,46,0,0,1,48,2,4,3,2,2,0,4,0,0,0,0,0,0,1,3931,"3,537",-1985
744,37,3,3,2,24,4,4,4,2,1,0,4,0,0,1,1,0,1,1,1287,"1,158",280
527,37,1,0,1,15,2,3,4,2,2,0,4,0,0,1,0,0,0,4,802,561,-263
769,30,1,1,1,36,3,3,4,2,1,0,4,0,0,0,0,0,0,1,2862,"2,862",782
413,27,1,4,1,18,2,3,1,2,1,1,4,0,0,0,0,0,1,3,1924,"1,924",-843
304,57,3,4,1,12,4,4,4,1,1,1,4,0,0,0,0,0,0,6,1264,"1,137",275
202,22,1,0,1,12,2,1,2,2,1,0,1,0,0,1,1,0,0,4,1567,"1,096",241
34,75,0,0,2,24,4,4,0,3,1,0,2,0,0,0,1,0,0,2,6615,"3,307",379
719,68,1,0,3,16,4,3,0,0,1,0,2,0,0,0,1,0,0,1,1175,705,34
660,23,0,0,2,24,2,4,3,2,1,1,4,0,0,0,0,0,0,1,1442,"1,009",-595
537,36,3,0,1,12,2,4,3,2,1,0,2,0,0,1,1,0,0,6,1542,925,163
146,29,3,0,1,6,2,1,2,2,1,0,3,0,0,1,0,0,1,4,518,466,135
589,53,0,0,1,12,2,4,1,2,1,0,4,0,0,1,0,0,0,5,795,477,-413
667,34,1,3,1,30,1,2,2,2,2,0,4,0,1,1,1,0,0,3,3496,"2,796",692
85,29,0,0,1,36,2,2,3,2,1,0,4,0,0,1,0,0,0,3,5179,"4,143",-2232
77,59,3,4,1,15,4,4,4,2,1,0,1,0,0,1,1,0,0,1,5045,"3,027",507
234,24,1,1,1,60,2,2,1,3,1,0,4,0,0,1,0,0,0,1,7408,"5,926",-3545
78,26,0,4,1,24,2,4,4,2,1,1,2,0,0,0,0,0,1,2,2812,"1,406",198
525,25,3,0,1,24,2,1,3,2,1,0,4,0,0,1,1,0,1,6,1258,754,178
203,48,0,0,2,10,4,3,1,1,2,1,1,0,0,0,0,1,1,1,2241,"1,568",258
962,49,3,0,1,12,2,2,2,1,1,0,4,0,0,1,0,0,1,1,640,320,44
890,33,3,4,1,15,2,4,3,1,1,1,1,0,1,0,0,0,1,3,2186,"1,530",374
7,27,1,0,1,9,2,1,2,2,1,0,2,0,1,1,1,0,1,6,1391,695,118
573,41,3,3,2,6,4,2,2,1,1,0,2,0,1,1,0,0,1,1,250,150,22
841,26,3,2,1,24,2,2,4,3,1,0,3,0,0,1,1,0,0,4,3235,"1,617",258
347,38,1,4,2,12,2,4,4,2,1,0,4,0,0,1,0,0,0,0,754,452,75
427,32,3,0,2,10,4,4,4,1,2,0,3,0,0,1,0,1,1,1,1231,984,151
794,30,1,0,1,6,2,3,1,3,1,1,4,0,0,0,1,0,0,4,2063,"2,063",659
265,40,3,1,1,15,2,2,2,3,1,0,3,0,0,1,1,0,0,5,4623,"2,773",-2096
426,24,1,4,1,9,2,1,3,2,1,0,2,0,0,1,1,0,0,3,2030,"1,827",499
747,32,3,4,2,48,3,3,4,2,2,0,3,0,1,1,0,0,0,4,7238,"5,790",907
739,40,1,0,2,18,4,4,0,3,1,0,4,0,1,1,1,0,0,3,7374,"6,636",1159
497,22,1,0,1,6,2,1,1,1,1,0,3,0,0,1,0,0,0,0,454,363,81
691,24,0,4,1,21,2,2,3,1,1,0,2,0,0,1,0,1,1,1,3763,"3,763",1324
275,41,3,4,1,21,2,3,4,2,1,0,4,0,0,1,1,0,0,4,3160,"2,212",429
569,34,3,4,1,60,2,4,2,2,2,0,4,0,0,0,1,0,0,1,6527,"6,527",2161
354,26,3,1,1,24,2,3,3,2,1,0,4,0,0,1,1,0,0,4,1311,"1,048",306
495,46,0,0,1,15,2,1,1,2,1,1,4,1,0,0,0,0,0,3,1845,"1,660",426
940,43,3,3,2,24,4,1,2,1,1,0,4,0,0,1,0,0,1,4,1516,"1,061",172
35,24,1,0,2,24,4,4,1,2,1,0,2,0,0,0,1,0,0,5,5743,"4,020",674
966,41,1,0,1,18,4,1,4,2,1,0,2,0,0,1,1,0,0,3,6361,"5,088",1098
614,27,3,3,2,27,3,2,2,2,1,0,2,0,0,1,0,0,0,2,8613,"7,751",1442
68,27,3,1,2,24,4,3,2,1,1,0,3,0,0,1,1,0,0,6,4139,"3,311",551
556,22,1,0,1,12,2,1,1,2,1,0,2,0,1,1,0,0,0,4,1331,798,-277
136,29,1,0,1,9,2,2,2,2,1,0,1,0,0,1,0,1,0,3,959,479,-247
37,61,1,4,1,18,2,4,2,2,1,0,4,0,0,0,0,0,0,5,1239,867,194
715,51,3,1,2,12,4,3,3,2,1,0,4,0,0,1,1,0,0,1,682,682,172
995,31,3,1,2,24,2,4,4,2,1,0,2,0,0,1,0,0,0,4,3621,"3,258",-1327
528,32,3,0,1,9,2,2,2,2,2,0,1,0,0,1,0,0,1,4,2697,"1,887",390
671,24,1,1,1,48,2,2,3,2,1,0,3,0,0,1,0,0,0,1,6560,"5,904",-2623
50,26,3,0,2,12,4,2,4,2,1,0,2,0,0,1,0,0,0,4,1934,"1,547",282
380,51,2,0,1,24,2,4,4,2,1,0,3,0,0,0,0,0,0,3,2892,"2,313",589
670,29,1,0,2,12,2,3,3,2,1,0,4,1,0,1,0,1,1,4,1103,882,123
692,32,3,1,1,10,2,2,2,2,2,0,1,0,0,1,0,0,1,2,2848,"1,993",396
339,26,2,0,1,12,2,1,1,2,1,0,4,0,0,1,0,0,1,1,1330,798,181
956,31,1,0,2,18,4,2,1,1,1,0,2,0,0,1,0,0,1,3,1928,"1,735",-849
935,32,1,3,2,9,4,3,4,2,2,0,4,0,0,0,0,0,0,5,1136,681,-538
98,22,1,1,1,15,2,2,2,2,1,0,4,1,0,1,0,0,1,0,1514,"1,211",296
484,25,2,0,1,15,2,3,1,1,1,0,2,0,0,1,0,0,1,4,2327,"2,327",-772
30,26,3,0,1,12,2,2,2,2,1,0,2,0,0,1,1,1,1,6,1076,645,114
745,35,1,0,1,7,2,2,2,2,1,0,2,1,0,1,0,0,1,4,2576,"2,318",692
579,35,1,3,1,18,2,2,2,1,1,0,4,0,0,1,1,0,0,6,1941,"1,358",359
994,46,3,4,2,24,4,4,2,3,2,0,2,0,0,1,1,0,0,2,6842,"5,473",894
548,26,0,0,1,18,0,4,1,2,1,1,1,0,0,0,0,0,0,3,3114,"2,802",-1133
590,31,3,4,1,36,3,2,3,3,2,0,3,0,1,1,1,0,0,2,8947,"6,262",1377
239,25,3,4,1,22,2,4,3,2,1,1,4,0,0,0,0,0,0,1,1283,898,215
410,54,1,3,1,12,2,4,4,2,1,0,4,0,0,1,1,0,1,1,1318,"1,186",348
387,32,3,3,2,27,4,2,1,1,2,0,4,0,1,1,1,0,1,3,4526,"4,073",784
522,39,1,4,2,6,4,3,3,1,1,0,1,0,0,1,0,0,0,0,932,652,78
21,52,3,2,2,9,4,2,4,2,1,0,4,0,0,1,1,0,0,5,936,842,198
504,25,1,0,2,45,4,2,1,1,1,0,4,0,0,1,0,0,0,4,4746,"3,322",-1100
688,36,0,0,1,18,1,4,1,3,1,0,3,0,1,0,1,0,0,4,1940,970,141
89,38,3,0,1,24,2,3,3,3,1,0,3,0,0,1,1,0,0,2,7814,"7,032",2237
731,33,0,1,1,12,2,3,1,1,1,0,4,0,0,1,1,0,0,4,727,654,-340
250,27,3,1,2,6,4,1,2,2,1,0,1,0,0,1,0,0,0,4,1237,"1,113",195
865,38,2,0,1,24,2,3,3,2,2,0,4,0,1,0,0,0,0,1,947,947,-411
280,27,3,4,2,6,4,2,2,2,1,0,1,0,0,1,0,0,0,3,1221,854,148
466,35,3,0,2,24,4,3,3,2,1,0,4,0,0,1,1,0,0,2,2346,"1,407",222
297,29,3,4,1,15,2,2,2,2,1,0,3,0,0,1,0,0,0,1,3556,"2,844",632
561,22,0,2,1,24,1,4,2,2,1,0,4,0,1,1,1,0,1,3,2828,"1,696",334
139,38,1,0,1,18,2,4,0,3,1,0,3,0,0,0,1,0,0,2,12976,"6,488",-3587
107,50,1,4,2,15,4,4,4,2,1,0,4,1,0,1,1,0,1,4,1537,"1,383",291
17,36,3,1,1,24,4,4,4,2,2,0,3,0,0,1,1,0,1,4,2872,"2,584",744
190,46,3,0,2,15,4,4,4,2,1,0,4,0,0,1,1,0,0,4,1829,"1,829",464
990,42,0,0,1,18,2,3,2,2,1,0,2,0,0,1,0,0,0,3,4153,"3,322",-1278
273,24,0,0,1,12,2,2,2,1,1,0,4,0,0,1,0,0,1,1,1228,736,-376
777,31,3,4,1,10,2,4,1,2,1,1,1,0,0,0,0,0,1,2,2901,"1,740",373
402,28,0,0,1,15,2,4,2,2,1,1,2,0,0,0,0,0,0,1,1403,"1,122",257
481,24,1,4,1,12,2,2,0,0,1,1,1,0,0,0,0,0,1,1,7472,"5,230",1339
893,58,3,4,1,30,2,4,4,2,1,0,4,0,0,1,1,0,0,4,1867,"1,120",242
888,27,0,0,1,9,2,2,1,3,1,0,3,0,0,0,1,0,0,1,1422,995,-316
65,27,0,0,1,18,2,1,0,0,1,0,4,0,0,1,0,0,1,5,750,525,-403
477,27,3,1,2,24,4,3,3,2,1,0,4,0,0,1,1,0,0,1,2463,"2,463",658
588,40,1,3,2,11,4,4,2,2,1,0,4,0,0,1,0,0,0,1,1322,"1,322",345
71,29,3,2,1,12,2,4,2,1,1,1,4,0,0,0,0,0,0,3,1123,"1,010",-535
195,31,3,0,1,10,2,2,2,1,2,0,3,0,0,1,0,1,1,1,1546,"1,236",286
737,22,0,0,1,18,2,4,1,2,1,1,1,0,0,0,0,0,0,3,3650,"2,920",799
421,38,3,0,2,12,4,1,4,1,2,0,4,0,0,1,0,0,1,1,1495,"1,196",181
246,34,3,0,2,12,0,4,4,2,1,0,2,0,0,1,0,0,0,3,2759,"2,207",421
382,54,0,0,1,48,2,4,2,2,1,0,3,0,0,1,0,0,0,0,3051,"1,830",-555
161,30,1,0,1,9,2,1,2,2,1,0,4,0,0,1,0,0,0,3,918,734,-284
534,44,0,0,1,6,4,4,2,3,1,1,1,0,0,0,1,0,1,3,3384,"3,384",-1846
440,31,3,0,1,9,4,3,0,3,1,0,2,0,0,1,0,0,0,3,2406,"1,924",437
353,23,3,1,1,24,2,4,3,2,1,0,3,0,0,1,0,0,0,2,3488,"1,744",359
618,42,0,0,1,12,2,1,2,2,1,0,2,0,0,1,0,0,0,3,2577,"2,061",502
757,34,3,3,1,24,4,2,4,2,1,0,2,0,0,1,0,0,0,4,2578,"1,289",196
594,30,1,1,2,30,3,3,1,3,1,0,4,0,1,1,0,0,0,4,1919,"1,535",-892
560,32,1,1,1,6,1,1,1,1,1,0,1,0,1,1,0,0,0,1,931,744,-441
902,31,3,2,1,24,2,2,4,2,2,0,3,0,0,1,1,0,0,4,3430,"2,401",637
772,32,3,0,1,18,2,2,2,3,1,0,4,0,0,0,1,0,0,4,1505,"1,354",419
833,31,2,0,1,36,2,2,4,2,1,0,4,0,0,1,0,0,0,4,4473,"4,473",1355
226,24,1,0,1,30,2,2,2,2,1,0,4,1,1,1,0,0,0,1,2150,"1,720",-683
428,34,0,0,1,30,2,1,1,1,1,0,1,0,0,1,1,0,0,0,11998,"10,798",-4141
140,19,1,3,1,12,2,4,1,1,1,1,1,0,0,0,0,0,1,3,983,589,141
765,26,3,2,1,12,2,2,2,2,1,0,2,0,0,1,0,0,0,1,1386,"1,247",-605
780,22,3,0,2,12,4,4,1,1,1,1,2,0,0,0,0,0,0,3,1258,"1,006",204
4,36,1,3,1,18,2,3,1,2,1,0,3,0,1,1,1,0,1,6,1913,"1,721",416
176,23,0,0,1,18,2,2,1,1,1,0,1,0,0,1,0,0,0,1,976,683,-300
628,26,3,0,2,18,4,2,2,2,1,0,2,0,0,1,0,0,0,4,2404,"1,923",380
786,28,3,0,1,15,4,2,2,2,1,0,4,0,0,0,1,0,0,3,3343,"1,671",357
480,32,3,2,1,24,2,3,4,2,1,1,4,0,0,0,1,0,0,3,3062,"1,531",317
106,30,1,0,2,27,3,2,4,3,1,0,1,0,0,1,1,0,0,2,5965,"5,965",1508
720,27,1,1,4,12,2,4,1,2,1,1,4,0,1,0,0,0,0,3,951,570,-263
224,35,3,1,1,12,2,1,3,2,1,0,3,0,0,1,0,0,0,4,2141,"1,712",445
311,35,1,0,1,9,4,3,3,2,1,1,4,0,0,0,1,0,0,3,1919,"1,535",328
222,50,0,0,2,27,0,4,0,2,1,0,2,0,1,1,1,0,0,6,5293,"4,763",-4064
11,41,3,1,1,24,2,4,4,1,1,1,4,0,0,0,0,0,1,1,1469,"1,322",376
508,66,0,0,2,12,4,4,4,3,1,0,4,0,0,0,0,0,0,2,1526,"1,526",318
352,20,1,0,2,12,3,4,2,2,1,1,4,0,0,0,0,0,1,4,585,526,91
938,52,3,1,2,6,4,4,2,1,1,0,4,0,0,1,0,0,0,1,362,253,41
524,30,0,0,1,24,2,2,0,3,2,0,4,0,1,1,0,0,0,4,1823,"1,093",-648
258,26,3,4,1,24,2,4,0,3,1,1,2,0,0,0,1,0,0,2,5433,"4,889",1312
656,28,1,1,2,18,0,3,1,2,1,0,3,0,0,1,0,0,0,1,2278,"1,822",-868
461,23,2,0,1,10,2,2,1,2,1,0,4,0,0,1,0,0,0,3,1275,765,156
209,24,3,1,1,18,2,4,2,1,1,1,3,0,0,0,0,0,0,6,1568,"1,254",363
718,52,0,2,2,6,4,4,4,2,1,0,4,0,0,1,0,0,0,4,338,202,22
802,44,1,0,1,24,2,2,4,3,1,0,4,0,0,0,1,0,0,2,12579,"10,063",-3320
972,31,1,1,2,20,0,4,4,2,1,0,3,0,1,1,1,0,0,2,6148,"4,918",809
219,40,0,4,2,21,1,2,2,1,2,0,4,0,0,1,0,0,0,1,1647,"1,152",-610
39,39,0,4,1,20,2,4,3,2,1,0,4,0,0,1,1,0,0,3,2212,"2,212",611
730,45,3,4,1,10,2,2,4,1,1,0,4,0,0,1,0,1,0,1,1287,"1,158",306
546,29,3,0,1,24,2,1,1,3,1,0,4,0,0,1,1,0,0,2,2679,"1,339",281
29,23,3,3,2,15,4,4,4,2,1,1,3,0,0,0,1,0,0,2,3368,"2,694",414
622,31,0,0,1,18,0,1,3,2,1,0,3,0,1,1,1,0,0,6,3104,"2,483",724
323,32,3,4,2,24,3,4,2,2,2,0,4,0,0,1,1,0,1,6,2978,"2,978",797
357,37,1,4,1,36,2,4,2,2,1,0,1,0,0,0,1,0,0,1,12389,"8,672",-3366
260,36,3,3,1,21,2,4,4,1,1,0,4,0,1,1,0,0,1,6,1572,"1,100",265
53,44,3,0,2,24,4,4,4,2,1,0,3,0,0,0,0,0,0,0,5507,"4,956",848
80,39,1,0,1,21,2,4,4,2,2,0,2,0,0,1,0,0,0,6,1188,594,-446
806,23,2,0,1,18,2,2,4,3,1,0,3,0,0,1,0,0,0,1,1961,"1,961",659
45,39,3,0,1,12,2,4,4,3,1,0,4,0,0,1,1,0,0,1,1884,"1,507",415
936,23,0,0,1,30,2,4,3,2,1,1,4,0,0,0,0,0,1,3,2406,"1,924",-1024
825,26,2,0,1,24,2,2,2,2,1,0,2,0,0,1,0,0,1,3,1925,"1,732",535
873,59,1,0,1,48,1,3,4,2,1,1,4,0,0,0,0,0,0,6,6416,"6,416",-3914
587,20,3,2,1,15,2,4,2,2,1,1,2,0,0,0,0,0,0,3,2221,"1,554",400
743,46,3,3,2,18,4,3,2,2,1,0,4,0,0,1,0,0,1,4,1149,804,98
132,25,3,1,1,24,2,1,2,2,1,0,4,0,1,1,0,0,0,3,5511,"3,306",723
967,47,2,0,1,30,4,4,4,2,1,0,4,0,0,1,0,0,0,4,3017,"1,810",323
774,35,0,1,1,18,2,4,2,1,2,0,3,0,0,1,1,0,0,1,4380,"3,504",783
458,27,1,0,2,9,2,4,4,1,1,0,4,0,0,1,0,0,0,4,1082,973,215
531,33,3,3,1,6,2,2,2,2,1,0,4,0,0,1,0,0,1,3,1543,"1,234",341
241,27,3,0,2,24,3,2,1,2,1,0,2,0,1,1,1,0,0,6,8648,"6,918",-4433
430,46,3,4,2,48,4,2,4,3,2,0,4,0,1,1,0,0,0,6,7629,"6,103",863
366,42,1,1,4,36,3,4,4,3,1,0,2,0,0,1,1,0,0,1,8086,"4,043",-1774
684,21,3,4,1,12,2,2,2,2,1,0,4,0,0,1,0,0,0,4,886,797,197
946,32,3,0,1,18,2,2,1,2,1,0,3,0,0,1,1,0,0,4,4594,"2,756",556
397,35,3,2,2,24,2,2,4,2,1,0,3,0,1,1,1,0,0,4,2397,"1,677",-538
879,50,1,0,1,48,3,4,4,2,1,0,4,0,0,0,0,0,0,5,6224,"4,979",-4477
483,35,3,0,2,18,4,2,1,3,1,0,3,0,0,1,1,0,0,3,3780,"1,890",231
447,34,3,0,2,18,2,1,3,2,1,0,4,0,1,1,1,0,0,6,1950,"1,170",160
129,50,3,0,1,12,2,2,2,2,1,0,4,0,0,1,0,0,1,3,1574,"1,416",446
549,47,1,0,1,6,3,4,0,3,1,0,4,0,0,1,1,0,0,1,1209,967,-475
650,29,1,1,1,36,2,1,1,3,1,1,4,0,0,0,1,0,0,3,9034,"7,227",-3545
503,36,0,0,1,6,2,2,2,1,1,0,1,0,1,1,1,0,1,3,1374,961,251
848,39,1,1,1,12,2,4,3,1,1,0,3,0,0,1,0,0,1,6,1037,622,116
817,25,3,0,1,24,2,4,3,2,1,1,2,0,0,0,1,0,0,3,3972,"2,383",396
284,29,0,0,2,45,0,4,4,2,1,1,2,0,0,0,0,0,0,6,11816,"7,089",-4581
717,20,1,3,1,11,2,1,1,2,1,0,4,0,0,1,0,0,1,3,1577,946,170
24,26,2,0,1,36,2,2,2,2,1,0,4,0,0,1,0,0,0,4,4210,"2,526",-816
803,34,1,0,1,7,2,2,2,2,1,0,3,1,0,1,0,0,1,4,2415,"2,173",578
232,26,2,0,1,24,2,4,1,2,1,0,2,0,0,1,0,0,0,3,3749,"2,624",612
320,29,3,0,1,6,2,2,3,2,1,1,2,0,0,0,0,0,1,4,2108,"1,897",606
988,36,3,4,2,30,4,3,3,2,1,0,2,0,0,1,0,0,0,4,6742,"4,045",459
748,25,2,0,1,24,2,2,3,2,1,0,4,0,1,1,0,0,0,4,5152,"2,576",377
255,31,0,4,1,30,2,4,4,2,1,0,4,0,0,1,0,0,0,3,6350,"3,810",-1837
197,47,1,0,2,21,3,4,2,2,1,0,1,0,0,1,0,0,0,1,2353,"2,117",405
102,24,0,0,1,48,2,4,1,2,1,1,3,0,0,0,0,0,0,6,4308,"4,308",-2807
665,32,0,0,2,30,0,2,2,2,1,0,2,1,0,1,0,0,1,3,4583,"3,208",534
191,44,3,4,2,20,4,4,1,2,1,0,2,0,0,1,1,0,1,1,3485,"2,788",456
847,26,3,0,2,33,3,2,2,2,1,0,2,0,0,1,1,0,0,6,2764,"1,658",189
309,58,0,0,1,24,2,4,4,1,1,0,4,1,0,1,1,0,1,0,1755,"1,053",211
213,24,3,0,1,12,2,2,2,1,1,1,3,0,0,0,0,0,1,3,1768,"1,237",300
523,27,3,0,2,36,0,2,2,2,1,0,4,0,0,1,0,0,0,0,2613,"2,613",673
986,26,3,1,1,9,2,2,2,2,2,1,1,1,0,0,0,1,1,1,3577,"2,146",481
674,23,1,0,2,24,2,4,2,3,1,1,1,0,0,0,0,0,0,2,11560,"9,248",-4648
73,34,2,0,2,9,0,2,1,3,1,0,4,0,0,1,1,0,0,4,1337,"1,203",-479
923,22,0,0,1,24,2,1,1,2,1,0,4,0,1,0,0,0,0,3,3149,"1,889",323
658,27,1,0,1,12,2,1,3,2,1,0,2,0,0,1,0,0,1,4,2930,"2,051",492
454,25,3,4,2,24,2,2,1,2,1,0,4,0,0,1,0,0,0,4,3105,"3,105",708
115,30,1,0,1,36,2,1,1,3,1,0,4,0,0,1,1,0,0,4,4795,"3,356",805
193,37,3,2,1,48,3,1,3,3,1,0,4,0,0,1,1,0,0,4,12749,"12,749",3442
575,28,0,0,2,13,4,1,1,1,1,0,3,0,1,1,0,0,0,6,1797,898,115
437,25,0,0,1,18,2,1,0,0,1,0,4,0,0,1,0,0,0,3,2473,"1,978",-1048
597,26,1,4,1,30,2,1,2,2,1,0,4,0,0,1,0,0,0,4,1715,"1,029",240
789,23,1,0,1,48,2,2,2,2,1,0,2,0,0,1,1,0,0,6,15672,"14,104",-12029
393,30,1,0,1,12,2,4,3,2,2,1,3,0,0,0,1,0,0,1,2002,"1,801",465
624,23,1,4,1,6,2,2,0,0,1,0,1,0,0,1,1,0,0,1,14555,"11,644",-5406
291,42,3,4,2,36,4,4,4,2,1,0,2,0,0,0,0,0,0,2,10477,"5,238",604
605,39,3,2,1,36,2,4,4,2,1,0,4,0,0,1,0,0,0,4,2299,"2,069",597
267,50,3,0,2,21,2,2,4,2,1,0,4,0,0,1,0,0,1,3,2241,"1,792",343
424,42,3,0,3,4,4,1,3,1,2,0,2,0,0,1,0,0,1,4,1544,"1,235",94
917,31,1,0,2,24,4,4,4,2,1,0,4,0,0,1,1,0,1,6,1935,967,-865
910,36,1,4,2,20,3,4,3,3,2,1,3,0,1,0,1,0,0,2,7057,"5,645",807
631,24,3,4,1,30,2,4,3,1,1,1,2,0,1,0,0,0,0,2,4811,"3,848",1076
849,35,3,1,1,10,2,2,2,1,1,1,3,0,0,0,0,1,1,1,1418,992,206
336,28,0,0,2,12,0,2,2,2,1,1,4,0,0,0,1,0,0,4,6199,"3,719",-1466
973,36,2,3,2,24,4,4,2,2,1,0,2,0,0,1,1,0,1,6,1275,892,116
595,30,1,2,2,48,0,1,1,2,1,0,1,0,0,1,0,0,0,1,8358,"7,522",1804
58,23,0,0,1,24,2,4,1,1,1,1,4,0,0,0,1,0,1,3,3234,"3,234",-1151
256,34,0,0,2,48,2,1,3,2,1,0,1,1,0,1,1,0,1,4,6999,"4,899",-1881
303,44,1,1,1,12,4,4,1,2,1,0,3,0,0,1,0,0,0,2,1804,"1,623",407
858,27,1,0,2,36,4,4,1,2,1,0,4,0,0,1,0,0,0,1,2820,"2,256",-1037
957,31,0,0,1,48,2,2,2,2,1,0,3,0,0,1,1,0,0,4,6758,"4,054",-1503
810,36,1,0,1,36,4,4,4,2,1,0,4,0,0,1,0,0,1,4,2337,"2,337",698
70,25,0,0,2,15,4,3,2,2,1,0,2,0,0,1,0,0,0,3,975,585,88
795,38,3,4,1,12,2,4,0,3,1,0,4,0,0,1,1,0,0,1,2859,"2,287",509
20,54,3,3,3,24,2,3,2,3,1,0,2,0,0,1,1,0,0,6,4591,"4,131",-2912
179,60,3,3,1,24,4,4,4,2,1,0,4,0,0,1,1,0,1,1,1940,"1,746",466
676,74,2,0,3,6,4,1,2,0,2,0,1,0,0,1,0,1,1,1,1299,909,109
820,36,1,4,1,24,2,4,4,2,1,0,4,0,1,0,1,0,0,2,2760,"1,656",394
376,25,3,0,2,30,4,2,3,2,1,0,4,0,0,1,0,0,0,4,5771,"5,193",1122
766,37,3,4,1,48,2,3,3,2,1,0,4,0,1,1,1,0,0,4,10222,"9,199",2951
319,50,3,3,1,24,4,4,2,2,1,0,4,0,0,1,1,0,1,3,3777,"2,266",492
866,28,1,0,2,30,0,1,2,2,1,0,2,0,0,1,0,0,0,6,4221,"2,954",414
976,35,0,0,2,12,4,3,4,2,1,0,4,0,0,1,0,0,0,1,691,414,-225
839,27,1,2,1,15,4,4,2,2,1,0,2,0,1,1,0,0,0,6,2326,"1,860",519
329,63,3,4,1,15,4,4,4,2,1,0,4,0,0,1,0,0,0,3,1520,"1,064",225
446,31,0,0,1,24,2,3,3,2,1,0,2,0,0,1,1,0,0,1,4817,"2,890",-1679
826,23,3,1,1,15,2,4,1,2,1,0,1,0,0,1,1,0,0,2,3812,"3,812",1205
749,62,3,0,1,24,2,4,4,2,1,0,4,0,0,0,1,0,0,1,3757,"2,629",697
645,34,0,0,1,36,2,4,1,2,1,0,4,0,0,1,1,0,0,1,1842,"1,289",-599
544,25,1,4,1,12,2,1,2,2,1,0,2,0,0,1,1,0,1,4,1484,890,-456
204,30,1,1,2,18,2,2,2,2,1,0,2,0,0,1,1,0,0,1,5866,"2,933",225
815,28,0,0,2,36,4,2,2,2,1,0,3,1,0,1,0,0,0,3,5371,"4,833",1137
217,36,3,2,2,15,2,3,3,2,1,0,4,0,0,1,1,0,0,0,1262,757,72
128,37,3,2,1,12,4,4,3,2,1,1,3,0,0,0,1,0,0,3,1402,"1,261",397
831,24,1,0,1,8,2,4,2,2,1,0,3,0,0,1,0,0,1,3,1237,989,-430
62,22,0,1,1,12,2,3,0,2,1,0,4,0,0,1,0,0,0,0,741,518,-192
733,34,3,3,1,24,2,3,3,2,2,0,4,0,0,1,1,0,0,1,1525,"1,372",347
324,25,1,0,1,18,2,2,2,1,1,0,4,1,0,1,0,0,1,4,866,779,199
307,25,1,0,1,48,0,2,2,2,1,0,2,0,0,1,1,0,0,6,14421,"10,094",-7360
545,41,3,4,2,9,4,4,4,1,1,1,4,0,0,0,0,0,0,5,1244,995,138
126,46,2,0,1,12,2,2,2,1,1,0,1,0,0,1,0,0,0,3,2251,"1,575",349
135,26,0,0,1,21,2,4,3,1,1,1,1,0,0,0,0,0,0,3,3599,"2,159",426
28,32,3,4,1,18,2,3,3,2,1,0,4,0,0,1,0,1,0,1,2662,"1,863",485
359,33,1,0,1,36,2,1,1,1,1,1,4,0,0,0,0,0,0,0,2384,"1,907",-594
741,27,0,0,1,15,2,2,1,2,1,0,4,0,0,1,0,1,1,4,1053,631,119
471,32,1,0,1,27,2,1,1,2,2,0,4,0,0,1,1,0,0,6,2528,"1,769",424
285,23,3,0,1,18,2,4,1,2,1,0,4,0,0,1,0,0,1,0,1943,"1,360",-792
608,34,0,0,1,42,2,3,1,2,1,0,4,0,0,1,0,0,0,4,3965,"2,775",-1203
722,23,2,0,1,36,2,2,2,2,1,0,2,0,0,1,1,0,1,4,3913,"3,130",899
627,36,3,4,2,36,4,4,4,2,1,0,4,0,0,1,0,0,1,6,6304,"4,412",681
924,39,0,0,1,30,2,3,4,2,2,0,1,1,0,1,0,0,0,4,2522,"1,765",376
985,57,0,0,1,12,2,4,4,1,1,0,4,0,1,1,0,0,1,4,709,425,-142
125,51,3,0,1,6,2,2,3,2,2,0,3,0,0,1,0,0,0,4,1595,"1,595",534
738,36,3,4,1,7,3,4,4,2,1,0,3,0,0,0,0,0,0,4,846,423,77
47,37,0,0,1,36,2,2,2,2,2,0,1,1,0,1,0,0,0,3,3620,"1,810",334
727,38,3,0,1,24,2,3,1,2,1,0,4,0,1,1,1,0,0,4,1533,"1,379",389
94,24,0,0,1,24,2,1,1,1,1,0,4,0,0,1,0,1,0,3,1747,"1,572",457
559,20,0,0,1,18,2,4,2,2,1,1,1,0,1,0,0,0,1,3,2039,"1,223",-517
66,50,0,0,1,48,2,1,3,3,1,0,4,0,0,0,1,0,0,5,7476,"5,980",1585
836,28,3,0,1,12,2,2,2,2,1,0,4,0,0,1,0,0,1,4,776,543,104
809,30,0,1,1,18,2,3,3,3,2,0,4,0,0,1,1,0,0,1,2249,"1,574",421
152,32,3,0,1,36,2,2,2,3,1,0,2,0,0,0,1,0,0,2,4686,"2,343",378
521,38,0,0,3,30,4,4,4,3,2,0,3,0,0,0,1,0,0,2,10623,"6,373",373
337,21,3,0,1,6,2,2,2,2,1,1,1,0,0,0,0,0,0,3,1766,"1,766",567
901,28,1,0,2,30,4,2,0,3,1,0,4,0,0,1,0,0,0,1,5234,"4,187",-1605
244,36,0,0,3,6,4,4,0,3,1,0,4,0,0,0,1,0,0,3,1872,"1,497",155
867,43,0,0,2,12,4,4,4,2,1,1,3,0,0,0,1,0,0,1,4843,"4,358",-1482
38,36,3,4,1,36,2,4,2,2,1,0,4,0,0,1,0,0,1,1,3079,"2,771",811
74,33,1,0,1,24,3,2,1,2,1,0,1,0,0,1,0,0,0,4,6403,"3,841",696
305,24,0,1,2,30,4,4,3,2,1,1,1,0,0,0,0,0,0,2,6187,"4,949",997
726,29,0,0,1,12,1,1,2,2,1,0,4,0,0,0,0,0,0,4,2149,"2,149",-1220
974,26,1,1,2,30,0,4,2,1,1,1,4,0,0,0,0,0,0,6,4280,"2,568",-1974
532,31,0,0,1,36,1,4,4,2,1,0,4,0,1,1,0,0,0,3,2746,"2,196",-989
955,35,3,4,2,48,4,1,3,2,1,0,2,0,0,0,1,0,0,2,8858,"7,086",1010
254,41,3,0,1,12,3,4,2,2,1,1,4,0,0,0,0,0,1,2,1503,"1,503",427
953,41,0,0,1,6,2,4,1,1,2,0,3,0,0,1,1,0,1,1,662,595,182
823,22,3,0,1,9,2,2,3,2,1,0,4,0,0,1,0,0,0,4,1478,"1,034",-372
669,27,2,4,2,10,4,2,3,2,1,0,4,0,0,1,1,0,0,4,1347,942,173
868,64,0,0,1,24,2,4,4,1,1,1,4,0,1,0,0,0,1,4,2384,"1,430",322
153,24,0,0,1,18,2,2,2,2,1,0,2,0,0,1,0,0,1,4,3190,"1,914",-1031
83,27,3,0,2,12,2,2,2,2,1,0,3,0,0,1,1,0,1,1,1101,990,198
247,34,1,0,1,12,2,1,1,3,1,1,3,0,0,0,0,0,1,3,3017,"2,715",656
982,26,0,0,1,18,2,3,2,2,1,0,4,0,1,1,0,0,1,4,1345,807,-352
610,61,3,4,1,12,4,2,3,2,1,0,4,0,0,1,0,0,0,5,2012,"1,207",215
236,38,3,4,1,18,4,4,0,3,1,0,2,0,0,1,1,0,0,2,3229,"3,229",1119
211,24,3,0,1,6,3,2,2,2,1,0,3,0,0,1,0,0,1,4,932,652,167
541,22,1,0,1,24,2,1,1,2,1,0,1,0,0,1,1,0,0,4,2039,"1,631",-926
491,36,3,0,1,24,2,1,4,3,1,0,4,0,0,1,1,0,1,4,1278,"1,022",247
697,23,1,2,2,27,4,2,2,1,1,0,4,0,0,1,0,0,0,4,2520,"2,016",-647
564,47,3,0,3,12,2,4,4,2,2,0,4,0,1,1,1,0,0,5,1393,"1,393",210
391,40,3,4,1,15,2,2,2,2,1,1,4,0,0,0,1,0,1,4,1386,693,150
399,26,0,0,1,36,2,2,2,2,2,0,2,0,0,1,0,0,0,2,8229,"6,583",-2272
235,25,1,2,1,18,2,3,1,2,1,1,1,0,0,0,0,0,1,4,3213,"1,927",434
257,29,2,0,1,6,3,1,1,2,1,0,2,0,1,1,0,0,0,4,683,341,49
781,65,3,4,4,12,4,4,4,2,1,0,4,0,0,1,0,0,1,4,930,837,49
617,33,0,0,1,18,2,2,0,2,1,0,4,0,0,1,0,0,0,3,1131,678,-313
797,54,3,0,1,15,2,2,4,3,1,1,4,0,1,0,1,0,0,4,3568,"3,568",1238
948,44,0,0,2,15,4,4,4,2,2,0,4,0,0,1,1,0,0,3,1478,886,137
992,39,0,0,1,24,2,2,4,3,1,1,4,0,0,0,1,0,0,3,3345,"2,676",-971
82,26,1,0,1,8,2,2,1,2,1,0,3,0,0,1,1,0,1,6,907,816,248
296,28,1,2,1,24,2,4,1,2,1,1,3,0,0,0,0,0,0,2,4113,"2,879",-1160
928,29,3,1,1,24,2,4,2,3,1,1,4,0,0,0,1,0,0,4,1901,"1,330",310
133,32,0,0,1,24,2,3,1,2,1,0,4,0,0,1,0,0,0,4,1938,"1,550",-696
51,27,0,0,1,24,2,1,1,2,1,0,4,0,0,1,0,0,0,1,3123,"2,498",-1330
554,33,2,0,1,21,4,1,1,2,1,1,2,0,0,0,0,0,0,5,2319,"1,159",-874
237,36,2,0,2,12,3,2,2,2,1,0,2,0,1,1,1,0,0,1,2247,"1,797",338
807,37,3,0,1,36,2,4,2,2,1,0,4,0,1,0,1,0,0,5,1819,909,-637
640,55,0,0,1,12,2,4,0,3,1,0,3,0,0,0,0,0,0,3,2578,"1,546",318
716,45,0,0,1,12,1,1,4,1,1,0,4,0,1,1,0,0,0,0,339,271,59
435,37,2,0,1,10,2,1,1,1,2,0,1,1,0,1,0,0,0,1,3949,"3,159",925
657,36,0,0,1,12,2,3,3,2,1,0,2,0,0,1,0,0,0,1,1372,"1,234",-428
951,45,3,1,1,39,2,2,4,3,1,0,4,0,0,1,1,0,0,2,8588,"5,152",948
919,33,1,0,2,18,0,4,2,2,1,0,1,0,1,1,1,0,0,3,3244,"2,919",702
63,27,1,0,2,21,4,3,3,2,1,0,2,0,0,1,0,0,0,6,3652,"2,191",337
433,36,3,0,2,18,4,3,2,2,1,0,4,0,0,1,0,0,1,1,1028,925,153
356,27,1,1,1,12,4,1,1,2,1,0,4,0,0,1,0,0,0,1,1995,"1,795",579
407,26,3,0,1,24,2,4,1,2,1,0,4,0,0,1,1,0,0,4,3181,"2,544",598
837,42,0,0,1,36,2,2,4,2,2,0,4,0,0,1,0,0,0,3,3446,"3,101",-1708
369,47,3,0,3,24,4,3,1,2,1,0,3,0,0,0,1,0,0,4,5103,"4,592",439
271,47,2,1,1,24,2,2,4,2,1,0,4,0,0,0,1,0,0,4,1377,688,143
489,43,1,0,1,24,2,3,3,2,1,0,3,0,0,1,1,0,0,3,4057,"2,839",-918
54,32,1,0,2,36,2,1,3,2,2,0,3,0,0,1,0,0,0,5,2273,"1,818",350
911,35,1,2,1,14,2,2,4,2,1,0,1,0,0,1,1,0,1,6,1410,846,144
194,22,1,0,1,9,2,2,1,2,1,0,4,0,0,1,1,0,0,4,1670,"1,503",-488
81,54,3,0,2,24,4,4,4,2,2,0,4,0,0,0,0,0,0,5,1597,"1,597",401
511,39,1,0,2,24,4,3,2,3,2,0,2,0,0,1,1,0,0,0,11938,"8,356",-3313
117,30,3,0,2,18,4,1,1,2,1,0,4,0,0,1,0,0,0,1,1055,844,164
293,22,0,0,1,9,2,4,1,2,1,1,3,0,0,0,0,0,0,4,1366,"1,092",-502
929,48,0,0,1,24,3,4,1,2,1,0,4,0,1,1,0,0,1,4,1024,614,-325
493,55,0,0,1,24,1,1,1,2,1,0,2,0,1,1,1,0,0,3,6872,"6,184",-2721
979,27,0,0,1,40,4,3,2,2,1,0,4,0,1,1,1,0,0,5,5998,"4,198",-3572
486,45,3,0,2,36,3,2,4,2,2,0,2,0,0,1,1,0,0,1,10875,"7,612",1341
188,46,2,0,2,6,4,4,4,2,2,0,1,0,0,1,0,1,1,1,1343,805,84
711,32,1,0,1,12,2,2,3,2,1,0,2,0,0,1,0,0,0,1,6078,"5,470",1702
611,39,3,0,2,18,1,4,4,3,2,0,2,0,1,1,1,0,0,1,6458,"6,458",-2804
600,31,3,0,1,12,2,4,3,1,1,0,3,0,0,1,0,0,1,3,1736,"1,388",339
358,22,0,0,1,15,2,4,2,1,1,0,4,0,0,1,0,0,0,6,806,725,226
702,25,0,4,3,30,0,3,1,2,1,0,2,0,1,1,0,0,0,6,8072,"5,650",351
198,43,3,0,1,24,2,4,2,1,2,0,1,0,0,1,0,0,0,1,7393,"4,435",767
949,26,3,0,1,6,2,3,2,2,1,1,2,1,0,0,0,0,0,1,3518,"3,518",1046
607,29,3,0,1,12,2,2,1,2,1,0,2,0,1,1,0,0,0,4,2171,"1,953",592
15,27,2,3,1,6,2,2,1,0,1,0,2,0,0,1,0,1,1,1,709,496,93
167,23,0,4,1,12,2,2,2,2,1,0,4,0,0,1,0,0,0,1,900,900,-491
69,56,3,0,1,6,2,2,1,2,1,0,1,0,0,1,0,0,0,5,1538,"1,230",364
963,64,3,4,1,9,2,4,4,1,1,0,1,0,0,1,0,0,1,5,3832,"1,916",323
87,27,3,3,2,24,4,2,2,2,1,0,4,0,0,1,0,0,1,2,5804,"4,643",956
44,74,3,0,1,5,2,4,3,1,1,0,1,0,0,1,0,0,1,6,3448,"3,103",824
516,20,0,0,1,12,2,4,2,2,1,1,2,0,0,0,0,0,0,3,1282,769,-302
874,45,3,0,2,6,4,3,3,3,2,0,1,0,0,1,1,0,0,1,6761,"6,084",1037
340,31,0,0,1,6,4,4,3,2,1,0,1,0,0,1,0,0,0,4,1957,"1,369",292
775,37,0,0,1,12,2,1,1,1,1,0,3,0,0,1,0,0,1,1,1274,637,-268
221,26,3,0,2,27,3,4,3,2,1,0,3,0,0,1,0,0,0,6,5117,"3,581",647
283,41,0,0,1,36,2,2,4,2,2,0,2,0,1,1,0,0,0,3,2712,"1,627",-603
609,27,1,0,2,18,4,1,1,2,1,0,4,0,0,1,0,0,0,3,1295,777,82
200,34,3,1,1,15,1,4,4,1,2,0,4,0,1,1,0,0,0,4,1569,941,158
736,26,3,0,2,36,3,2,2,3,1,0,4,0,0,1,1,0,0,4,4463,"3,124",-1012
514,38,3,4,2,12,4,2,4,2,1,0,4,0,0,1,1,0,1,4,1240,868,130
834,28,0,0,1,24,2,4,2,2,1,0,4,0,0,1,0,0,0,3,4169,"2,501",599
158,38,3,0,1,30,4,2,3,2,1,0,3,0,0,1,0,0,0,4,5954,"4,167",835
422,51,3,4,1,36,4,2,4,2,1,0,4,0,0,1,1,0,0,4,3342,"2,673",725
664,28,3,2,1,24,2,1,3,2,1,0,4,0,0,1,0,0,0,4,1376,963,239
530,26,1,0,1,48,2,2,1,2,1,0,1,0,0,1,1,0,0,3,9960,"7,968",-2393
110,54,0,0,1,12,4,3,4,2,1,0,4,0,0,1,0,0,1,2,1409,"1,268",318
876,31,3,0,1,24,2,2,2,2,1,0,2,1,0,1,1,0,1,1,1393,835,178
998,25,1,1,1,15,1,2,2,2,1,1,2,0,0,0,0,0,0,1,1264,884,-286
875,26,3,4,1,21,2,3,2,2,1,0,1,0,0,1,0,0,0,2,5248,"2,624",487
76,49,0,0,1,6,2,1,4,2,1,0,2,0,1,1,1,0,0,3,428,342,99
599,25,0,0,2,15,4,3,2,2,1,1,4,0,0,0,0,0,0,3,1433,859,128
127,55,0,0,1,24,2,4,4,2,1,0,4,0,0,1,0,0,0,4,1603,961,195
538,37,0,0,1,48,1,4,3,2,1,1,2,1,0,0,0,0,0,6,7685,"4,611",-3379
563,35,3,4,1,15,2,2,4,2,1,0,4,0,0,1,0,0,0,4,1979,"1,781",445
185,28,3,0,2,21,3,2,2,1,1,0,3,0,1,1,0,0,1,2,2993,"2,095",359
251,49,2,1,1,9,2,4,4,2,1,0,2,0,0,1,0,0,1,4,1126,563,92
123,23,0,4,1,12,2,4,2,2,1,1,4,0,1,0,1,0,0,5,1200,"1,080",299
601,53,3,2,1,24,2,4,4,2,1,0,3,0,0,1,0,0,0,3,2835,"1,984",411
613,40,0,0,1,12,2,2,2,1,1,0,4,0,0,1,0,0,1,4,701,420,93
499,30,3,0,2,24,4,2,3,1,1,0,2,0,0,1,0,0,0,3,2028,"1,419",217
619,74,1,0,1,9,1,4,4,3,2,0,2,0,1,0,1,0,0,2,5129,"3,077",-1488
342,40,3,2,1,10,2,2,2,1,2,1,3,0,0,0,0,1,0,1,1597,"1,277",343
750,40,3,0,2,24,4,3,3,2,1,0,4,0,0,1,0,0,0,3,1585,"1,268",196
637,27,3,0,2,18,4,1,3,2,1,0,3,0,0,1,0,0,0,2,3850,"2,695",324
294,30,3,0,2,9,4,1,2,2,1,0,3,0,0,1,0,0,1,1,1224,"1,101",221
896,45,0,0,1,28,2,2,2,1,1,0,3,0,0,1,0,0,0,1,4006,"2,804",-1282
550,20,0,4,1,24,2,4,2,2,1,0,2,0,0,1,0,0,0,3,2996,"2,696",-1242
993,43,0,0,2,12,3,2,2,1,2,0,4,0,0,1,0,0,1,1,1344,940,158
277,24,0,0,1,12,2,3,2,1,1,0,4,0,0,1,0,0,0,4,2214,"1,328",266
926,57,3,1,3,11,4,4,0,1,1,0,4,0,0,1,0,0,1,4,1154,"1,154",219
987,24,0,0,1,12,2,4,4,2,1,1,4,0,0,0,0,0,0,3,652,456,112
721,26,1,0,1,12,4,3,3,2,1,0,4,0,0,1,0,0,0,0,1424,"1,424",390
869,35,3,1,1,9,2,4,4,2,1,0,3,0,0,1,1,0,0,4,2753,"2,202",503
199,33,3,0,1,48,2,2,0,3,1,1,3,0,1,0,1,0,0,6,4844,"3,390",-2152
408,40,0,4,1,36,2,4,4,3,1,0,4,0,0,1,1,0,0,5,1977,"1,383",-961
487,25,3,0,1,10,2,2,2,1,1,1,2,0,1,0,0,0,1,3,2210,"1,989",-948
289,36,1,4,2,30,4,4,4,2,1,0,4,0,0,1,0,0,1,1,2181,"1,962",319
751,34,1,1,1,15,1,2,0,3,2,0,1,0,0,1,1,0,0,1,6850,"3,425",-1718
846,27,0,0,1,6,2,1,1,2,1,0,4,0,0,1,0,0,1,0,343,308,98
937,40,1,0,1,18,2,4,3,2,1,1,2,0,0,0,0,0,1,3,3001,"2,700",699
103,44,0,2,1,6,2,3,2,2,2,1,2,0,0,0,0,0,1,4,2647,"2,647",770
735,23,1,2,1,24,2,4,0,0,1,1,1,0,0,0,0,0,0,4,3758,"2,254",384
